{"die":{"Anxiety":0.0978021978,"Bipolar":0.0441537204,"Depression":0.1505947861,"Normal":0.0069605568,"Personality disorder":0.0436280138,"Stress":0.0162601626,"Suicidal":0.4104709216},"kill":{"Anxiety":0.0241758242,"Bipolar":0.0306623058,"Depression":0.1003965241,"Normal":0.007733952,"Personality disorder":0.009184845,"Stress":0.0149051491,"Suicidal":0.2987451086},"pain":{"Anxiety":0.4117216117,"Bipolar":0.0556009812,"Depression":0.1332152198,"Normal":0.0100541377,"Personality disorder":0.0482204363,"Stress":0.0709123758,"Suicidal":0.2245311024},"hurt":{"Anxiety":0.0611721612,"Bipolar":0.0498773508,"Depression":0.095081414,"Normal":0.0100541377,"Personality disorder":0.0975889782,"Stress":0.0194218609,"Suicidal":0.1209013628},"cry":{"Anxiety":0.0223443223,"Bipolar":0.0355682747,"Depression":0.0862228972,"Normal":0.0054137664,"Personality disorder":0.0160734788,"Stress":0.0284552846,"Suicidal":0.0522196735},"sad":{"Anxiety":0.0172161172,"Bipolar":0.0478331971,"Depression":0.1324559183,"Normal":0.0061871616,"Personality disorder":0.07347876,"Stress":0.0243902439,"Suicidal":0.1009310484},"alone":{"Anxiety":0.058974359,"Bipolar":0.0960752249,"Depression":0.2086391631,"Normal":0.0208816705,"Personality disorder":0.2215843858,"Stress":0.0519421861,"Suicidal":0.1806773715},"lonely":{"Anxiety":0.0058608059,"Bipolar":0.0167620605,"Depression":0.0606597486,"Normal":0.0015467904,"Personality disorder":0.0861079219,"Stress":0.009936766,"Suicidal":0.0469572257},"hate":{"Anxiety":0.0765567766,"Bipolar":0.0960752249,"Depression":0.2783261622,"Normal":0.0146945089,"Personality disorder":0.1515499426,"Stress":0.0654923216,"Suicidal":0.2609634327},"bad":{"Anxiety":0.2937728938,"Bipolar":0.237939493,"Depression":0.2605247617,"Normal":0.0479505027,"Personality disorder":0.1940298507,"Stress":0.1598915989,"Suicidal":0.2183241128},"tired":{"Anxiety":0.0787545788,"Bipolar":0.1034341783,"Depression":0.1942968025,"Normal":0.0123743233,"Personality disorder":0.0711825488,"Stress":0.0505871725,"Suicidal":0.2385642963},"worse":{"Anxiety":0.1622710623,"Bipolar":0.1177432543,"Depression":0.1674681515,"Normal":0.0162412993,"Personality disorder":0.1171067738,"Stress":0.0623306233,"Suicidal":0.1531507219},"hopeless":{"Anxiety":0.0095238095,"Bipolar":0.0147179068,"Depression":0.0298658567,"Normal":0.0007733952,"Personality disorder":0.03673938,"Stress":0.0076784101,"Suicidal":0.0240183511},"empty":{"Anxiety":0.0065934066,"Bipolar":0.0171708913,"Depression":0.0511262971,"Normal":0.0023201856,"Personality disorder":0.027554535,"Stress":0.0094850949,"Suicidal":0.0396707597},"scared":{"Anxiety":0.2168498168,"Bipolar":0.1058871627,"Depression":0.1079051717,"Normal":0.0123743233,"Personality disorder":0.1148105626,"Stress":0.0691056911,"Suicidal":0.1257590069},"disturbed":{"Anxiety":0.0018315018,"Bipolar":0.0020441537,"Depression":0.0007593014,"Normal":0.0,"Personality disorder":0.0,"Stress":0.0009033424,"Suicidal":0.0016192147},"nuts":{"Anxiety":0.0080586081,"Bipolar":0.0061324612,"Depression":0.0013498692,"Normal":0.0015467904,"Personality disorder":0.0022962113,"Stress":0.0027100271,"Suicidal":0.0010794765},"dead":{"Anxiety":0.0205128205,"Bipolar":0.0134914146,"Depression":0.0497764279,"Normal":0.0030935808,"Personality disorder":0.0172215844,"Stress":0.012195122,"Suicidal":0.0935096478},"psycho":{"Anxiety":0.0003663004,"Bipolar":0.0012264922,"Depression":0.0008436683,"Normal":0.0,"Personality disorder":0.0,"Stress":0.0,"Suicidal":0.001214411},"mad":{"Anxiety":0.010989011,"Bipolar":0.0163532298,"Depression":0.023875812,"Normal":0.0061871616,"Personality disorder":0.03673938,"Stress":0.0207768744,"Suicidal":0.0210497909},"insane":{"Anxiety":0.0153846154,"Bipolar":0.0171708913,"Depression":0.0159453303,"Normal":0.0015467904,"Personality disorder":0.009184845,"Stress":0.0076784101,"Suicidal":0.0120091755},"freak":{"Anxiety":0.0307692308,"Bipolar":0.0081766149,"Depression":0.0066649793,"Normal":0.0007733952,"Personality disorder":0.0114810563,"Stress":0.0094850949,"Suicidal":0.0056672514},"scary":{"Anxiety":0.0238095238,"Bipolar":0.0261651676,"Depression":0.0133299587,"Normal":0.0030935808,"Personality disorder":0.0137772675,"Stress":0.0076784101,"Suicidal":0.0109296991},"stressed":{"Anxiety":0.036996337,"Bipolar":0.0261651676,"Depression":0.019488737,"Normal":0.0,"Personality disorder":0.0218140069,"Stress":0.1829268293,"Suicidal":0.011874241},"stress":{"Anxiety":0.1139194139,"Bipolar":0.0572363042,"Depression":0.0464861217,"Normal":0.0061871616,"Personality disorder":0.0309988519,"Stress":0.593495935,"Suicidal":0.0263122386},"embarrassed":{"Anxiety":0.0131868132,"Bipolar":0.015944399,"Depression":0.0105458534,"Normal":0.0015467904,"Personality disorder":0.0413318025,"Stress":0.0045167118,"Suicidal":0.0068816624},"embarrassing":{"Anxiety":0.0051282051,"Bipolar":0.0085854456,"Depression":0.0064962457,"Normal":0.0015467904,"Personality disorder":0.0218140069,"Stress":0.0036133695,"Suicidal":0.004857644},"frustrating":{"Anxiety":0.010989011,"Bipolar":0.0155355683,"Depression":0.0075086476,"Normal":0.0054137664,"Personality disorder":0.0080367394,"Stress":0.004968383,"Suicidal":0.003643233},"frustrated":{"Anxiety":0.0131868132,"Bipolar":0.0183973835,"Depression":0.0132455918,"Normal":0.003866976,"Personality disorder":0.0149253731,"Stress":0.0108401084,"Suicidal":0.0085008771},"isolated":{"Anxiety":0.0029304029,"Bipolar":0.0073589534,"Depression":0.0141736269,"Normal":0.0015467904,"Personality disorder":0.0413318025,"Stress":0.0036133695,"Suicidal":0.0089056807},"isolation":{"Anxiety":0.0003663004,"Bipolar":0.003270646,"Depression":0.00877415,"Normal":0.0007733952,"Personality disorder":0.0321469575,"Stress":0.0036133695,"Suicidal":0.0059371205},"isolating":{"Anxiety":0.0003663004,"Bipolar":0.0053147997,"Depression":0.0054838438,"Normal":0.0015467904,"Personality disorder":0.0114810563,"Stress":0.0031616983,"Suicidal":0.002428822},"mental":{"Anxiety":0.0652014652,"Bipolar":0.1770237122,"Depression":0.1475575804,"Normal":0.0487238979,"Personality disorder":0.1308840413,"Stress":0.0700090334,"Suicidal":0.1312913237},"ill":{"Anxiety":0.0816849817,"Bipolar":0.0621422731,"Depression":0.0835231587,"Normal":0.0146945089,"Personality disorder":0.0849598163,"Stress":0.0302619693,"Suicidal":0.1171231953},"brain":{"Anxiety":0.204029304,"Bipolar":0.0985282093,"Depression":0.0797266515,"Normal":0.0193348801,"Personality disorder":0.0918484501,"Stress":0.0578139115,"Suicidal":0.0578869248},"forced":{"Anxiety":0.0076923077,"Bipolar":0.0089942764,"Depression":0.0201636716,"Normal":0.0054137664,"Personality disorder":0.01836969,"Stress":0.0149051491,"Suicidal":0.02131966},"demand":{"Anxiety":0.0018315018,"Bipolar":0.0012264922,"Depression":0.0013498692,"Normal":0.0023201856,"Personality disorder":0.0011481056,"Stress":0.0027100271,"Suicidal":0.0014842801},"abuse":{"Anxiety":0.0058608059,"Bipolar":0.015944399,"Depression":0.0254787817,"Normal":0.0363495746,"Personality disorder":0.0206659013,"Stress":0.039295393,"Suicidal":0.0345432465},"sexual":{"Anxiety":0.0076923077,"Bipolar":0.0200327065,"Depression":0.0141736269,"Normal":0.0162412993,"Personality disorder":0.009184845,"Stress":0.0198735321,"Suicidal":0.0149777358},"sex":{"Anxiety":0.0223443223,"Bipolar":0.0592804579,"Depression":0.0318062938,"Normal":0.030162413,"Personality disorder":0.0229621125,"Stress":0.027100271,"Suicidal":0.0264471731},"life":{"Anxiety":0.293040293,"Bipolar":0.4452166803,"Depression":0.9148738716,"Normal":0.1183294664,"Personality disorder":0.6727898967,"Stress":0.2863595303,"Suicidal":0.9878558899},"meds":{"Anxiety":0.0586080586,"Bipolar":0.3716271464,"Depression":0.0509575635,"Normal":0.0054137664,"Personality disorder":0.0332950631,"Stress":0.0203252033,"Suicidal":0.0387262178},"medications":{"Anxiety":0.0201465201,"Bipolar":0.0674570728,"Depression":0.0140048933,"Normal":0.0069605568,"Personality disorder":0.0057405281,"Stress":0.0045167118,"Suicidal":0.008231008},"medication":{"Anxiety":0.0681318681,"Bipolar":0.2097301717,